{"minzoom":0,"maxzoom":8,"center":[42.890625,42.550931,8.0],"bounds":[39.068413,41.044666,47.123184,43.59174]}