{"minzoom":0,"maxzoom":9,"center":[42.539063,42.293027,9.0],"bounds":[39.068413,41.044666,47.123184,43.59174]}